{"amplitudes_normal": {"Nose_x": 0.06098461151123047, "Nose_y": 0.007079113274812698, "LEye_x": 0.14976051449775696, "LEye_y": 0.005275940988212824, "REye_x": 0.009758314117789268, "REye_y": 0.0045869299210608006, "LEar_x": 0.006875841412693262, "LEar_y": 0.11243708431720734, "REar_x": 0.00846182368695736, "REar_y": 0.04825909808278084, "LShoulder_x": 0.007179457228630781, "LShoulder_y": 0.11983532458543777, "RShoulder_x": 0.353792667388916, "RShoulder_y": 0.020499838516116142, "LElbow_x": 0.057943329215049744, "LElbow_y": 0.17573858797550201, "RElbow_x": 0.2589070796966553, "RElbow_y": 0.2134891152381897, "LWrist_x": 0.3146299421787262, "LWrist_y": 0.18601496517658234, "RWrist_x": 0.020761461928486824, "RWrist_y": 0.09458094835281372, "LHip_x": 0.0017265885835513473, "LHip_y": 0.0318194217979908, "RHip_x": 0.19431349635124207, "RHip_y": 0.29980623722076416, "LKnee_x": 0.10366249084472656, "LKnee_y": 0.8006156086921692, "RKnee_x": 0.5774874687194824, "RKnee_y": 0.014864726923406124, "LAnkle_x": 0.27790191769599915, "LAnkle_y": 1.8541985750198364, "RAnkle_x": 0.10801517963409424, "RAnkle_y": 0.2843868136405945}, "amplitudes_anormal": {"Nose_x": 0.06098461151123047, "Nose_y": 0.007079113274812698, "LEye_x": 0.14976051449775696, "LEye_y": 0.005275940988212824, "REye_x": 0.009758314117789268, "REye_y": 0.0045869299210608006, "LEar_x": 0.006875841412693262, "LEar_y": 0.11243708431720734, "REar_x": 0.00846182368695736, "REar_y": 0.04825909808278084, "LShoulder_x": 0.007179457228630781, "LShoulder_y": 0.11983532458543777, "RShoulder_x": 0.353792667388916, "RShoulder_y": 0.020499838516116142, "LElbow_x": 0.057943329215049744, "LElbow_y": 0.17573858797550201, "RElbow_x": 0.2589070796966553, "RElbow_y": 0.2134891152381897, "LWrist_x": 0.3146299421787262, "LWrist_y": 0.18601496517658234, "RWrist_x": 0.020761461928486824, "RWrist_y": 0.09458094835281372, "LHip_x": 0.0017265885835513473, "LHip_y": 0.0318194217979908, "RHip_x": 0.19431349635124207, "RHip_y": 0.29980623722076416, "LKnee_x": 0.10366249084472656, "LKnee_y": 0.8006156086921692, "RKnee_x": 0.5774874687194824, "RKnee_y": 0.014864726923406124, "LAnkle_x": 0.27790191769599915, "LAnkle_y": 1.8541985750198364, "RAnkle_x": 0.10801517963409424, "RAnkle_y": 0.2843868136405945}, "depth_normal": {"Nose_x": 0.06145700439810753, "Nose_y": 0.006787232123315334, "LEye_x": 0.14972186088562012, "LEye_y": 0.00478362338617444, "REye_x": 0.009828481823205948, "REye_y": 0.004533995874226093, "LEar_x": 0.007550204638391733, "LEar_y": 0.11224987357854843, "REar_x": 0.00855032168328762, "REar_y": 0.048740848898887634, "LShoulder_x": 0.0071322075091302395, "LShoulder_y": 0.11566311866044998, "RShoulder_x": 0.3479950726032257, "RShoulder_y": 0.020804358646273613, "LElbow_x": 0.05764392018318176, "LElbow_y": 0.19039438664913177, "RElbow_x": 0.2579830586910248, "RElbow_y": 0.210550919175148, "LWrist_x": 0.3152133524417877, "LWrist_y": 0.1849525272846222, "RWrist_x": 0.021169248968362808, "RWrist_y": 0.09367378056049347, "LHip_x": 0.0017261171014979482, "LHip_y": 0.031367529183626175, "RHip_x": 0.19001321494579315, "RHip_y": 0.2997942566871643, "LKnee_x": 0.10003233700990677, "LKnee_y": 0.8018369674682617, "RKnee_x": 0.5862839818000793, "RKnee_y": 0.01585482805967331, "LAnkle_x": 0.25953179597854614, "LAnkle_y": 1.9508124589920044, "RAnkle_x": 0.10324126482009888, "RAnkle_y": 0.2810298800468445}, "depth_anormal": {"Nose_x": 0.06145700439810753, "Nose_y": 0.006787232123315334, "LEye_x": 0.14972186088562012, "LEye_y": 0.00478362338617444, "REye_x": 0.009828481823205948, "REye_y": 0.004533995874226093, "LEar_x": 0.007550204638391733, "LEar_y": 0.11224987357854843, "REar_x": 0.00855032168328762, "REar_y": 0.048740848898887634, "LShoulder_x": 0.0071322075091302395, "LShoulder_y": 0.11566311866044998, "RShoulder_x": 0.3479950726032257, "RShoulder_y": 0.020804358646273613, "LElbow_x": 0.05764392018318176, "LElbow_y": 0.19039438664913177, "RElbow_x": 0.2579830586910248, "RElbow_y": 0.210550919175148, "LWrist_x": 0.3152133524417877, "LWrist_y": 0.1849525272846222, "RWrist_x": 0.021169248968362808, "RWrist_y": 0.09367378056049347, "LHip_x": 0.0017261171014979482, "LHip_y": 0.031367529183626175, "RHip_x": 0.19001321494579315, "RHip_y": 0.2997942566871643, "LKnee_x": 0.10003233700990677, "LKnee_y": 0.8018369674682617, "RKnee_x": 0.5862839818000793, "RKnee_y": 0.01585482805967331, "LAnkle_x": 0.25953179597854614, "LAnkle_y": 1.9508124589920044, "RAnkle_x": 0.10324126482009888, "RAnkle_y": 0.2810298800468445}}