{"depth_normal": {"LShoulder-LElbow": 0.043738589202843646, "RShoulder-RElbow": 0.028061573147019202, "LElbow-LWrist": 0.03858398202643468, "RElbow-RWrist": 0.026397924336302076, "LHip-LKnee": 0.14193144706534544, "RHip-RKnee": 0.22184497914651158, "LKnee-LAnkle": 0.12069480634235172, "RKnee-RAnkle": 0.06251241380742782}, "depth_anormal": {"LShoulder-LElbow": 0.05633213550136817, "RShoulder-RElbow": 0.12253056489103242, "LElbow-LWrist": 0.044213335471760914, "RElbow-RWrist": 0.05098350626274493, "LHip-LKnee": 0.0943849217935095, "RHip-RKnee": 0.3159514048409878, "LKnee-LAnkle": 0.16515743580212364, "RKnee-RAnkle": 0.07375367867150805}, "segments_len_normal": {"LShoulder-LElbow": 0.04952367221912705, "RShoulder-RElbow": 0.05582405536317874, "LElbow-LWrist": 0.07761505232642883, "RElbow-RWrist": 0.0427646870043721, "LHip-LKnee": 0.34149751740099904, "RHip-RKnee": 0.5544973173072724, "LKnee-LAnkle": 0.1277196104017558, "RKnee-RAnkle": 0.10934694257630057}, "segments_len_anormal": {"LShoulder-LElbow": 0.16833044260676558, "RShoulder-RElbow": 0.25000693686415415, "LElbow-LWrist": 0.15375900261292144, "RElbow-RWrist": 0.08894215083874796, "LHip-LKnee": 1.0, "RHip-RKnee": 0.520808472315063, "LKnee-LAnkle": 0.18701846305920988, "RKnee-RAnkle": 0.15004297917943615}, "linear_data_normal": {"Nose_x": 0.08025729321536663, "Nose_y": 0.035728618712474805, "LEye_x": 0.06999680641818122, "LEye_y": 0.01904679018504536, "REye_x": 0.010780931203374592, "REye_y": 0.026213059174171032, "LEar_x": 0.007368388217010282, "LEar_y": 0.10977372491081629, "REar_x": 0.013090359413357197, "REar_y": 0.0519876485174326, "LShoulder_x": 0.009333844390563326, "LShoulder_y": 0.17154151904324955, "RShoulder_x": 0.36033099950458636, "RShoulder_y": 0.007868353650616298, "LElbow_x": 0.13679809018963066, "LElbow_y": 0.033904488181508936, "RElbow_x": 0.10691989867135142, "RElbow_y": 0.03787000600749072, "LWrist_x": 0.09258392931357712, "LWrist_y": 0.08040194208511357, "RWrist_x": 0.07883893724170338, "RWrist_y": 0.060394384145516095, "LHip_x": 0.021289832508096795, "LHip_y": 0.039041614003213584, "RHip_x": 0.17567223141063956, "RHip_y": 0.08436971800134495, "LKnee_x": 0.09147522994244173, "LKnee_y": 0.31241029982956464, "RKnee_x": 0.2154608959053857, "RKnee_y": 0.04036672297574307, "LAnkle_x": 0.16842614106146492, "LAnkle_y": 0.4417307154778561, "RAnkle_x": 0.05026759661064096, "RAnkle_y": 0.39602924985793503}, "linear_data_anormal": {"Nose_x": 0.09235554429596825, "Nose_y": 0.033325263452408084, "LEye_x": 0.11418429626600383, "LEye_y": 0.01814258562995956, "REye_x": 0.009851367377129551, "REye_y": 0.019480215696536272, "LEar_x": 0.006622506021921854, "LEar_y": 0.09431405905421124, "REar_x": 0.013614670599385616, "REar_y": 0.0316387977704027, "LShoulder_x": 0.0065204827023162375, "LShoulder_y": 0.1494203493019093, "RShoulder_x": 0.6204003596516608, "RShoulder_y": 0.0230362801461949, "LElbow_x": 0.15080652175416343, "LElbow_y": 0.06702449762617214, "RElbow_x": 0.08812385694949303, "RElbow_y": 0.08440901991465846, "LWrist_x": 0.08903850476231512, "LWrist_y": 0.17433342313877298, "RWrist_x": 0.07999555138707523, "RWrist_y": 0.04170028094197855, "LHip_x": 0.0198407317671892, "LHip_y": 0.036636259563100064, "RHip_x": 0.2548089804459488, "RHip_y": 0.15531541343952152, "LKnee_x": 0.13601327109545447, "LKnee_y": 0.2556615094741691, "RKnee_x": 0.3887260419516199, "RKnee_y": 0.05605127364620292, "LAnkle_x": 0.42489890420276794, "LAnkle_y": 0.42495844699471924, "RAnkle_x": 0.06757255481060892, "RAnkle_y": 0.1874762294071067}, "linear_acceleration_normal": {"LAnkle": 0.06876033650064484, "LEar": 0.038801545253036106, "LElbow": 0.005601217930656563, "LEye": 0.03246518014548633, "LHip": 0.003896907108725226, "LKnee": 0.03016839756863583, "LShoulder": 0.05541356143002794, "LWrist": 0.023170716810981457, "Nose": 0.021771824985347632, "RAnkle": 0.03999425279161357, "REar": 0.06746072526707292, "RElbow": 0.038046982601797744, "REye": 0.024248779567235697, "RHip": 0.006057736429696289, "RKnee": 0.04446089295375305, "RShoulder": 0.06634538599630667, "RWrist": 0.03595256292850431}, "linear_acceleration_anormal": {"LAnkle": 0.06103692716724679, "LEar": 0.05456030483136436, "LElbow": 0.01037465357371594, "LEye": 0.040278791827127194, "LHip": 0.0030608188783815982, "LKnee": 0.0308070831560795, "LShoulder": 0.07111910676832355, "LWrist": 0.03559436885631557, "Nose": 0.021344360963209394, "RAnkle": 0.026859964341216964, "REar": 0.08412856445019126, "RElbow": 0.05302640608302899, "REye": 0.04360157982275096, "RHip": 0.0056410266033384985, "RKnee": 0.03975693701068087, "RShoulder": 0.09741925104979018, "RWrist": 0.0332526014510677}, "linear_jurk_normal": {"LAnkle": 0.03335069892182321, "LEar": 0.03171571704203948, "LElbow": 0.0016314033014123007, "LEye": 0.03333406639930269, "LHip": 0.0024537758456971343, "LKnee": 0.014096189500379464, "LShoulder": 0.04036427479952182, "LWrist": 0.005034828101323396, "Nose": 0.03164134426695412, "RAnkle": 0.01961167817133517, "REar": 0.053909525843309714, "RElbow": 0.04322091300042957, "REye": 0.03283096782450857, "RHip": 0.0032201320205394565, "RKnee": 0.013631517787960342, "RShoulder": 0.055458939539746, "RWrist": 0.05566443558449116}, "linear_jurk_anormal": {"LAnkle": 0.03714439869348759, "LEar": 0.04170250298144041, "LElbow": 0.0015705849055940523, "LEye": 0.04738049221675769, "LHip": 0.003191816789620439, "LKnee": 0.018084140748361836, "LShoulder": 0.052379048642464274, "LWrist": 0.008622953991314559, "Nose": 0.041337315056432206, "RAnkle": 0.020537940892494732, "REar": 0.06306543944588255, "RElbow": 0.05889488112601873, "REye": 0.04347544467117514, "RHip": 0.003912337665209412, "RKnee": 0.01399167662808032, "RShoulder": 0.08560348738714599, "RWrist": 0.06292965251522832}, "angular_data_normal": {"top_right": 0.2369458806730129, "top_left": 0.22157432294161805, "bot_right": 0.4466417504229892, "bot_left": 0.3963208024103341}, "angular_data_anormal": {"top_right": 0.15800468421972425, "top_left": 0.179869854040055, "bot_right": 0.19831081516684673, "bot_left": 0.3446737884406026}, "angular_acceleration_normal": {"top_right": 0.007066168728123737, "top_left": 0.0001335307863278496, "bot_right": 0.09974596233514461, "bot_left": 0.06849447832786362}, "angular_acceleration_anormal": {"top_right": 0.00730714694135529, "top_left": 0.0, "bot_right": 0.06543382544185194, "bot_left": 0.05067001516734041}, "angular_jurk_normal": {"top_right": 0.015385272265262288, "top_left": 0.0005685654482849698, "bot_right": 0.07226525963056525, "bot_left": 0.04261981527521011}, "angular_jurk_anormal": {"top_right": 0.016955592141237177, "top_left": 0.00030543151677705837, "bot_right": 0.048256870479733045, "bot_left": 0.033052273778345166}}