{
    "angular_velocity": {
        "std": 0.13196197539631696,
        "mean": 0.7020373111823889
    },
    "linear_acceleration": {
        "std": 0.16376502674059662,
        "mean": 0.7838792920881652
    },
    "linear_velocity": {
        "std": 0.15283494267068673,
        "mean": 0.7716488060969926
    },
    "angular_jurk": {
        "std": 0.09582025071234337,
        "mean": 0.6265798636812238
    },
    "angular_data": {
        "std": 0.09326828037121275,
        "mean": 0.7844254992872222
    },
    "amplitudes": {
        "std": 0.09447864712573387,
        "mean": 0.9185171477917592
    },
    "linear_jurk": {
        "std": 0.15491635634525475,
        "mean": 0.7704145214792884
    },
    "depth": {
        "std": 0.13820923706395052,
        "mean": 0.8585854990816131
    },
    "angular_acceleration": {
        "std": 0.11331408794729914,
        "mean": 0.67404792746114
    },
    "linear_data": {
        "std": 0.15372339624216305,
        "mean": 0.8301670641774269
    },
    "segments_len": {
        "std": 0.07506008320922489,
        "mean": 0.933542331469145
    }
}