{
    "depth_normal": {
        "LShoulder-LElbow": 0.04387093168768054,
        "RShoulder-RElbow": 0.028196085263754056,
        "LElbow-LWrist": 0.03871703788683433,
        "RElbow-RWrist": 0.026532666694909095,
        "LHip-LKnee": 0.14205020007908578,
        "RHip-RKnee": 0.2219526724695771,
        "LKnee-LAnkle": 0.12081649841623937,
        "RKnee-RAnkle": 0.06264215807532318
    },
    "depth_anormal": {
        "LShoulder-LElbow": 0.05646273509331903,
        "RShoulder-RElbow": 0.12265200290379709,
        "LElbow-LWrist": 0.044345612253746905,
        "RElbow-RWrist": 0.051114846082081236,
        "LHip-LKnee": 0.09451025504276789,
        "RHip-RKnee": 0.316046074237672,
        "LKnee-LAnkle": 0.1652729744384694,
        "RKnee-RAnkle": 0.07388186719647787
    },
    "segments_len_normal": {
        "LShoulder-LElbow": 0.049655214073244434,
        "RShoulder-RElbow": 0.05595472527124529,
        "LElbow-LWrist": 0.07774270645381802,
        "RElbow-RWrist": 0.04289716427310331,
        "LHip-LKnee": 0.3415886513250855,
        "RHip-RKnee": 0.5545589729710515,
        "LKnee-LAnkle": 0.1278403302728397,
        "RKnee-RAnkle": 0.10947020514594537
    },
    "segments_len_anormal": {
        "LShoulder-LElbow": 0.16844554211255539,
        "RShoulder-RElbow": 0.2501107326928524,
        "LElbow-LWrist": 0.15387611874361595,
        "RElbow-RWrist": 0.08906823734420219,
        "LHip-LKnee": 1.0,
        "RHip-RKnee": 0.5208747903707438,
        "LKnee-LAnkle": 0.18713097622298544,
        "RKnee-RAnkle": 0.150160609591863
    },
    "linear_data_normal": {
        "LShoulder_x": 0.03155624510366981,
        "LShoulder_y": 0.30444556633533193,
        "RShoulder_x": 0.24998862263525143,
        "RShoulder_y": 0.017065504797420517,
        "LElbow_x": 0.140756221452383,
        "LElbow_y": 0.027812957748871464,
        "RElbow_x": 0.09788362402937184,
        "RElbow_y": 0.029968398189730194,
        "LWrist_x": 0.09207661968321851,
        "LWrist_y": 0.08477618547684108,
        "RWrist_x": 0.08121445425507674,
        "RWrist_y": 0.04404929285221516,
        "LHip_x": 0.03135301561509232,
        "LHip_y": 0.09245969476784881,
        "RHip_x": 0.1947080521018292,
        "RHip_y": 0.0684355174483161,
        "LKnee_x": 0.0911144328006175,
        "LKnee_y": 0.3704165604517139,
        "RKnee_x": 0.19248727701282622,
        "RKnee_y": 0.06312873703177033,
        "LAnkle_x": 0.130957793751761,
        "LAnkle_y": 0.4299299825438718,
        "RAnkle_x": 0.05595146148803977,
        "RAnkle_y": 0.3391069439779608
    },
    "linear_data_anormal": {
        "LShoulder_x": 0.03946339891274337,
        "LShoulder_y": 0.23958132241469834,
        "RShoulder_x": 0.5424025995338531,
        "RShoulder_y": 0.024439603508275957,
        "LElbow_x": 0.15211607449667744,
        "LElbow_y": 0.06774858939027706,
        "RElbow_x": 0.14835679919181913,
        "RElbow_y": 0.0527483073155197,
        "LWrist_x": 0.09446094439048207,
        "LWrist_y": 0.21499950348551075,
        "RWrist_x": 0.09489757697783427,
        "RWrist_y": 0.039505739618364386,
        "LHip_x": 0.037547509017741246,
        "LHip_y": 0.09418444690120956,
        "RHip_x": 0.290765097894097,
        "RHip_y": 0.16319753600883513,
        "LKnee_x": 0.1561860907993401,
        "LKnee_y": 0.30060714756463053,
        "RKnee_x": 0.36335604052606835,
        "RKnee_y": 0.09646416670135802,
        "LAnkle_x": 0.39633422356406384,
        "LAnkle_y": 0.6192007553311867,
        "RAnkle_x": 0.07089926743402884,
        "RAnkle_y": 0.2021916317332634
    },
    "linear_velocity_normal": {
        "LAnkle": 0.12615115861944434,
        "LElbow": 0.014451851805052996,
        "LHip": 0.005688876120447599,
        "LKnee": 0.018431350554014746,
        "LShoulder": 0.0674927363128467,
        "LWrist": 0.031486293316432615,
        "RAnkle": 0.03857132110813645,
        "RElbow": 0.047632533584984565,
        "RHip": 0.009400318241145395,
        "RKnee": 0.07273785219890905,
        "RShoulder": 0.11063262971585215,
        "RWrist": 0.02119638770766443
    },
    "linear_velocity_anormal": {
        "LAnkle": 0.11244628389576489,
        "LElbow": 0.029654308209560363,
        "LHip": 0.006533488981494113,
        "LKnee": 0.02453600799624264,
        "LShoulder": 0.11292866843202821,
        "LWrist": 0.04161448108887987,
        "RAnkle": 0.04258966739715989,
        "RElbow": 0.0476717415830308,
        "RHip": 0.010302812462282988,
        "RKnee": 0.05959797898155074,
        "RShoulder": 0.12434189547316153,
        "RWrist": 0.026729802805102388
    },
    "linear_acceleration_normal": {
        "LAnkle": 0.07218973978760924,
        "LElbow": 0.008435790839312916,
        "LHip": 0.0014445144828872376,
        "LKnee": 0.02305600028060671,
        "LShoulder": 0.07332455327589983,
        "LWrist": 0.018529018283372722,
        "RAnkle": 0.034996731366996145,
        "RElbow": 0.03958265479848485,
        "RHip": 0.0025106619539559624,
        "RKnee": 0.03730467502733451,
        "RShoulder": 0.08459998050643219,
        "RWrist": 0.04074797613983106
    },
    "linear_acceleration_anormal": {
        "LAnkle": 0.06231555692619886,
        "LElbow": 0.010291167211714093,
        "LHip": 0.0012057765035384128,
        "LKnee": 0.023526165291193953,
        "LShoulder": 0.10804648130615084,
        "LWrist": 0.024245157725403685,
        "RAnkle": 0.02732618709431437,
        "RElbow": 0.050004628935899714,
        "RHip": 0.002579042676875291,
        "RKnee": 0.0348494875572001,
        "RShoulder": 0.12388246227984144,
        "RWrist": 0.03731755976183663
    },
    "linear_jurk_normal": {
        "LAnkle": 0.02276600855514913,
        "LElbow": 0.007857123060041342,
        "LHip": 0.0,
        "LKnee": 0.004080627284582706,
        "LShoulder": 0.0529972068307391,
        "LWrist": 0.008736170308506945,
        "RAnkle": 0.007585649863539782,
        "RElbow": 0.045364394316812315,
        "RHip": 0.0007329592082839222,
        "RKnee": 0.004278819372826176,
        "RShoulder": 0.06405543518734745,
        "RWrist": 0.06256365032628919
    },
    "linear_jurk_anormal": {
        "LAnkle": 0.026986540643040267,
        "LElbow": 0.007379192637555224,
        "LHip": 0.0,
        "LKnee": 0.005133315336430772,
        "LShoulder": 0.07416409269081388,
        "LWrist": 0.009131494410830245,
        "RAnkle": 0.009007882718034613,
        "RElbow": 0.05866027702677267,
        "RHip": 0.0012090881088685876,
        "RKnee": 0.005165705353621604,
        "RShoulder": 0.10148980299752142,
        "RWrist": 0.07306077012280948
    },
    "angular_data_normal": {
        "top_right": 0.23705148409596455,
        "top_left": 0.22168205372234343,
        "bot_right": 0.44671833283542073,
        "bot_left": 0.3964043490265118
    },
    "angular_data_anormal": {
        "top_right": 0.1581212127662631,
        "top_left": 0.17998335654071068,
        "bot_right": 0.19842176551744098,
        "bot_left": 0.34476448278237704
    },
    "angular_velocity_normal": {
        "top_right": 0.0006630628209812815,
        "top_left": 0.0032396022093164572,
        "bot_right": 0.09071922666636187,
        "bot_left": 0.08791215028104188
    },
    "angular_velocity_anormal": {
        "top_right": 0.0004069454674305763,
        "top_left": 0.0024317091621944534,
        "bot_right": 0.07270358902903262,
        "bot_left": 0.0776456383954707
    },
    "angular_acceleration_normal": {
        "top_right": 0.0072035865189342945,
        "top_left": 0.000271908024546127,
        "bot_right": 0.09987055363934634,
        "bot_left": 0.06862339470364272
    },
    "angular_acceleration_anormal": {
        "top_right": 0.007444531381812931,
        "top_left": 0.00013839571830736742,
        "bot_right": 0.0655631653988857,
        "bot_left": 0.050801398372502055
    },
    "angular_jurk_normal": {
        "top_right": 0.01552153872776315,
        "top_left": 0.0007068824795687171,