{
    "angular_velocity": {
        "std": 0.12507623924165953,
        "mean": 0.6855720668220668
    },
    "linear_acceleration": {
        "std": 0.12722988606968638,
        "mean": 0.8888167388167387
    },
    "linear_velocity": {
        "std": 0.15977440840374593,
        "mean": 0.8964355089355089
    },
    "angular_jurk": {
        "std": 0.0938579213934219,
        "mean": 0.6625208125208124
    },
    "angular_data": {
        "std": 0.17497455402402012,
        "mean": 0.692074592074592
    },
    "amplitudes": {
        "std": 0.17770122451493914,
        "mean": 0.851519314019314
    },
    "linear_jurk": {
        "std": 0.13627034380197928,
        "mean": 0.8457070707070707
    },
    "depth": {
        "std": 0.13478699675768824,
        "mean": 0.8980741480741482
    },
    "angular_acceleration": {
        "std": 0.13462082196076286,
        "mean": 0.6386599511599512
    },
    "linear_data": {
        "std": 0.20873137076586135,
        "mean": 0.7946220446220447
    },
    "segments_len": {
        "std": 0.07452726534997363,
        "mean": 0.9371975246975246
    }
}