{"depth_normal": {"LShoulder-LElbow": 0.03371887448391415, "RShoulder-RElbow": 0.01813309986898776, "LElbow-LWrist": 0.04734601191057128, "RElbow-RWrist": 0.059722101220924535, "LHip-LKnee": 0.14700959230894922, "RHip-RKnee": 0.3976332238072473, "LKnee-LAnkle": 0.07914479108712406, "RKnee-RAnkle": 0.041159897149509635}, "depth_anormal": {"LShoulder-LElbow": 0.01919743790933284, "RShoulder-RElbow": 0.047635645364863026, "LElbow-LWrist": 0.09907144752902791, "RElbow-RWrist": 0.2304434639357011, "LHip-LKnee": 0.534443923066701, "RHip-RKnee": 0.7586389412564125, "LKnee-LAnkle": 0.09280434613992689, "RKnee-RAnkle": 0.07905698664862491}, "segments_len_normal": {"LShoulder-LElbow": 0.08761685968364807, "RShoulder-RElbow": 0.032185929720975906, "LElbow-LWrist": 0.06923644474538539, "RElbow-RWrist": 0.005867648487661452, "LHip-LKnee": 0.3925515369033434, "RHip-RKnee": 0.4027761159245121, "LKnee-LAnkle": 0.03176940285675793, "RKnee-RAnkle": 0.006606650750554202}, "segments_len_anormal": {"LShoulder-LElbow": 0.36227965433942205, "RShoulder-RElbow": 0.05840790650967989, "LElbow-LWrist": 0.10762885075908249, "RElbow-RWrist": 0.02568306821642678, "LHip-LKnee": 0.7651048217393566, "RHip-RKnee": 1.0, "LKnee-LAnkle": 0.12081410561446634, "RKnee-RAnkle": 0.02453747502854865}, "linear_data_normal": {"LShoulder_x": 0.0, "LShoulder_y": 0.012150455395276318, "RShoulder_x": 0.04473518682202131, "RShoulder_y": 0.0, "LElbow_x": 0.0028526674577164794, "LElbow_y": 0.045876598572650314, "RElbow_x": 0.06686714360783229, "RElbow_y": 0.06034585333760483, "LWrist_x": 0.047318240964006004, "LWrist_y": 0.04235714946735841, "RWrist_x": 0.0, "RWrist_y": 0.0, "LHip_x": 0.0, "LHip_y": 0.0, "RHip_x": 0.0, "RHip_y": 0.019776937439081974, "LKnee_x": 0.0, "LKnee_y": 0.10181518258728221, "RKnee_x": 0.062426646792433274, "RKnee_y": 0.0, "LAnkle_x": 0.03784537005995354, "LAnkle_y": 0.4871003120363085, "RAnkle_x": 0.034555856925369895, "RAnkle_y": 0.017687113400853896}, "linear_data_anormal": {"LShoulder_x": 0.0, "LShoulder_y": 0.01335182740525001, "RShoulder_x": 0.09997569482161621, "RShoulder_y": 0.0, "LElbow_x": 0.0017806141487108399, "LElbow_y": 0.08704448525404666, "RElbow_x": 0.0825932074527732, "RElbow_y": 0.1413453990313402, "LWrist_x": 0.07189930230651755, "LWrist_y": 0.12185856890447998, "RWrist_x": 0.0, "RWrist_y": 0.0, "LHip_x": 0.0, "LHip_y": 0.0, "RHip_x": 0.0, "RHip_y": 0.06183862643554255, "LKnee_x": 0.0, "LKnee_y": 0.16802340520442818, "RKnee_x": 0.07564212516815351, "RKnee_y": 0.0, "LAnkle_x": 0.26039891278955535, "LAnkle_y": 0.6246474497000669, "RAnkle_x": 0.0561298790250469, "RAnkle_y": 0.0375117453585587}, "linear_velocity_normal": {"LAnkle": 0.16901145355397354, "LElbow": 0.05721007407485012, "LHip": 0.005596291590137175, "LKnee": 0.0077499356759399, "LShoulder": 0.10080826033279094, "LWrist": 0.08560250972620684, "RAnkle": 0.03287369286433598, "RElbow": 0.0373248385597623, "RHip": 0.03772604401757637, "RKnee": 0.1583639175600698, "RShoulder": 0.36229589761488984, "RWrist": 0.0012728839922956788}, "linear_velocity_anormal": {"LAnkle": 0.25244069573234246, "LElbow": 0.08901480375825742, "LHip": 0.004229255257996516, "LKnee": 0.03332291018199269, "LShoulder": 0.13250321005721125, "LWrist": 0.08606290434727948, "RAnkle": 0.11334473762905707, "RElbow": 0.047508723236274364, "RHip": 0.09367662956123582, "RKnee": 0.3106781225181332, "RShoulder": 0.5457434071600542, "RWrist": 0.005191486965954646}, "linear_acceleration_normal": {"LAnkle": 0.1570295566040701, "LElbow": 0.24935968870256528, "LHip": 0.053781645898249, "LKnee": 0.05987027228784168, "LShoulder": 0.49060054261270536, "LWrist": 0.0289036508174572, "RAnkle": 0.05535950664922042, "RElbow": 0.07755297306621393, "RHip": 0.0756381332740764, "RKnee": 0.14486001191387968, "RShoulder": 0.4504059945819601, "RWrist": 0.01842184591661056}, "linear_acceleration_anormal": {"LAnkle": 0.3491378106141603, "LElbow": 0.26511198991749796, "LHip": 0.13083043987065665, "LKnee": 0.12483549950162783, "LShoulder": 0.5900756022234586, "LWrist": 0.023309483690372935, "RAnkle": 0.15585675535541021, "RElbow": 0.10397806546678716, "RHip": 0.12006045898763636, "RKnee": 0.2464383344609429, "RShoulder": 0.8493571522702998, "RWrist": 0.0503041834774229}, "linear_jurk_normal": {"LAnkle": 0.047371829988091634, "LElbow": 0.07991010897836368, "LHip": 0.04236173296588149, "LKnee": 0.12299979111193698, "LShoulder": 0.41871336532546377, "LWrist": 0.03141133570177291, "RAnkle": 0.13553928961149025, "RElbow": 0.12720024011558778, "RHip": 0.08777200938553457, "RKnee": 0.16095098657106155, "RShoulder": 0.37542802294478683, "RWrist": 0.13087622890602757}, "linear_jurk_anormal": {"LAnkle": 0.08749411037670982, "LElbow": 0.08553222367178713, "LHip": 0.1121242174509113, "LKnee": 0.09641382250818964, "LShoulder": 0.39496307744959164, "LWrist": 0.029770707442204725, "RAnkle": 0.2194433431794693, "RElbow": 0.09373089634575468, "RHip": 0.11326870209841983, "RKnee": 0.21780830931534156, "RShoulder": 0.579983220949166, "RWrist": 0.32694673933361307}, "angular_data_normal": {"top_right": 0.13666405028164508, "top_left": 0.032955098784846766, "bot_right": 0.037809270701284925, "bot_left": 0.44549188681704033}, "angular_data_anormal": {"top_right": 0.08473710729641501, "top_left": 0.04327571301316574, "bot_right": 0.10119696168498504, "bot_left": 0.5087585487416815}, "angular_velocity_normal": {"top_right": 0.12857857508749312, "top_left": 0.07943402822387434, "bot_right": 0.05937359450866091, "bot_left": 0.20768031689964164}, "angular_velocity_anormal": {"top_right": 0.13459585857588885, "top_left": 0.06502578912910863, "bot_right": 0.05533801360226132, "bot_left": 0.273970663403859}, "angular_acceleration_normal": {"top_right": 0.022980937884428017, "top_left": 0.04093822928171363, "bot_right": 0.2017490630364072, "bot_left": 0.2126974442504135}, "angular_acceleration_anormal": {"top_right": 0.017420332822187093, "top_left": 0.04714224151319873, "bot_right": 0.14605944110634028, "bot_left": 0.17659076806661186}, "angular_jurk_normal": {"top_right": 0.10482887307233445, "top_left": 0.10739942310869917, "bot_right": 0.26518780718630075, "bot_left": 0.13964410546926478}, "angular_jurk_anormal": {"top_right": 0.11987902596589822, "top_left": 0.16707595355608723, "bot_right": 0.17577338898412764, "bot_left": 0.15172794218331312}}