{
    "angular_velocity": {
        "std": 0.13196197539631696,
        "mean": 0.7020373111823889
    },
    "linear_acceleration": {
        "std": 0.12584330871903673,
        "mean": 0.7681790563231624
    },
    "linear_velocity": {
        "std": 0.13919812305352783,
        "mean": 0.7729806916001865
    },
    "angular_jurk": {
        "std": 0.09582025071234337,
        "mean": 0.6265798636812238
    },
    "angular_data": {
        "std": 0.09326828037121275,
        "mean": 0.7844254992872222
    },
    "amplitudes": {
        "std": 0.08968103406398081,
        "mean": 0.9139958055761165
    },
    "linear_jurk": {
        "std": 0.11228296905192935,
        "mean": 0.7836713339912821
    },
    "depth": {
        "std": 0.13820923706395052,
        "mean": 0.8585854990816131
    },
    "angular_acceleration": {
        "std": 0.11331408794729914,
        "mean": 0.67404792746114
    },
    "linear_data": {
        "std": 0.14267014384863944,
        "mean": 0.8442460146119473
    },
    "segments_len": {
        "std": 0.07506008320922489,
        "mean": 0.933542331469145
    }
}