{
    "depth_normal": {
        "LShoulder-LElbow": 0.19949637353420258,
        "RShoulder-RElbow": 0.1282173991203308,
        "LElbow-LWrist": 0.17605982720851898,
        "RElbow-RWrist": 0.12065325677394867,
        "LHip-LKnee": 0.6459516286849976,
        "RHip-RKnee": 1.00929594039917,
        "LKnee-LAnkle": 0.5493946075439453,
        "RKnee-RAnkle": 0.2848556637763977
    },
    "depth_anormal": {
        "LShoulder-LElbow": 0.25675567984580994,
        "RShoulder-RElbow": 0.5577412843704224,
        "LElbow-LWrist": 0.20165491104125977,
        "RElbow-RWrist": 0.23243696987628937,
        "LHip-LKnee": 0.42977097630500793,
        "RHip-RKnee": 1.4371713399887085,
        "LKnee-LAnkle": 0.7515536546707153,
        "RKnee-RAnkle": 0.3359665274620056
    },
    "segments_len_normal": {
        "LShoulder-LElbow": 0.22579951584339142,
        "RShoulder-RElbow": 0.2544455826282501,
        "LElbow-LWrist": 0.3535231053829193,
        "RElbow-RWrist": 0.19506831467151642,
        "LHip-LKnee": 1.5533223152160645,
        "RHip-RKnee": 2.5217723846435547,
        "LKnee-LAnkle": 0.5813344120979309,
        "RKnee-RAnkle": 0.4977990686893463
    },
    "segments_len_anormal": {
        "LShoulder-LElbow": 0.7659804224967957,
        "RShoulder-RElbow": 1.1373404264450073,
        "LElbow-LWrist": 0.6997281908988953,
        "RElbow-RWrist": 0.4050242304801941,
        "LHip-LKnee": 4.547347545623779,
        "RHip-RKnee": 2.368598699569702,
        "LKnee-LAnkle": 0.8509495854377747,
        "RKnee-RAnkle": 0.6828324794769287
    },
    "linear_data_normal": {
        "Nose_x": 0.365536630153656,
        "Nose_y": 0.16307729482650757,
        "LEye_x": 0.31888508796691895,
        "LEye_y": 0.08722972124814987,
        "REye_x": 0.04964718967676163,
        "REye_y": 0.1198127269744873,
        "LEar_x": 0.03413131833076477,
        "LEar_y": 0.49973952770233154,
        "REar_x": 0.06014750897884369,
        "REar_y": 0.23700252175331116,
        "LShoulder_x": 0.04306769371032715,
        "LShoulder_y": 0.7805802822113037,
        "RShoulder_x": 1.6389528512954712,
        "RShoulder_y": 0.03640452027320862,
        "LElbow_x": 0.6226117014884949,
        "LElbow_y": 0.1547834873199463,
        "RElbow_x": 0.48676398396492004,
        "RElbow_y": 0.17281357944011688,
        "LWrist_x": 0.4215823709964752,
        "LWrist_y": 0.36619430780410767,
        "RWrist_x": 0.3590877652168274,
        "RWrist_y": 0.27522557973861694,
        "LHip_x": 0.09742820262908936,
        "LHip_y": 0.1781405508518219,
        "RHip_x": 0.7993614673614502,
        "RHip_y": 0.3842346668243408,
        "LKnee_x": 0.4165414273738861,
        "LKnee_y": 1.42107093334198,
        "RKnee_x": 0.9802693128585815,
        "RKnee_y": 0.18416544795036316,
        "LAnkle_x": 0.766415536403656,
        "LAnkle_y": 2.00905442237854,
        "RAnkle_x": 0.2291819304227829,
        "RAnkle_y": 1.8012627363204956
    },
    "linear_data_anormal": {
        "Nose_x": 0.42054396867752075,
        "Nose_y": 0.15214991569519043,
        "LEye_x": 0.5197931528091431,
        "LEye_y": 0.08311855792999268,
        "REye_x": 0.045420724898576736,
        "REye_y": 0.08920038491487503,
        "LEar_x": 0.030740002170205116,
        "LEar_y": 0.42944878339767456,
        "REar_x": 0.06253140419721603,
        "REar_y": 0.14448203146457672,
        "LShoulder_x": 0.030276130884885788,
        "LShoulder_y": 0.6800015568733215,
        "RShoulder_x": 2.8214149475097656,
        "RShoulder_y": 0.10536880791187286,
        "LElbow_x": 0.6863040924072266,
        "LElbow_y": 0.30537083745002747,
        "RElbow_x": 0.4013036787509918,
        "RElbow_y": 0.38441336154937744,
        "LWrist_x": 0.4054623246192932,
        "LWrist_y": 0.7932742834091187,
        "RWrist_x": 0.36434656381607056,
        "RWrist_y": 0.19022876024246216,
        "LHip_x": 0.09083954989910126,
        "LHip_y": 0.1672040820121765,
        "RHip_x": 1.1591739654541016,
        "RHip_y": 0.7068047523498535,
        "LKnee_x": 0.6190433502197266,
        "LKnee_y": 1.1630501747131348,
        "RKnee_x": 1.768057107925415,
        "RKnee_y": 0.2554786801338196,
        "LAnkle_x": 1.9325249195098877,
        "LAnkle_y": 1.9327956438064575,
        "RAnkle_x": 0.30786269903182983,
        "RAnkle_y": 0.8530309200286865
    },
    "linear_acceleration_normal": {
        "LAnkle": 0.3132632076740265,
        "LEar": 0.17704902589321136,
        "LElbow": 0.026096493005752563,
        "LEye": 0.1482393592596054,
        "LHip": 0.018347471952438354,
        "LKnee": 0.1377965360879898,
        "LShoulder": 0.2525791823863983,
        "LWrist": 0.1059800535440445,
        "Nose": 0.09961968660354614,
        "RAnkle": 0.18247193098068237,
        "REar": 0.30735424160957336,
        "RElbow": 0.17361824214458466,
        "REye": 0.11088170111179352,
        "RHip": 0.02817215397953987,
        "RKnee": 0.20278048515319824,
        "RShoulder": 0.3022831082344055,
        "RWrist": 0.16409550607204437
    },
    "linear_acceleration_anormal": {
        "LAnkle": 0.27814704179763794,
        "LEar": 0.24869966506958008,
        "LElbow": 0.047799959778785706,
        "LEye": 0.18376564979553223,
        "LHip": 0.014546014368534088,
        "LKnee": 0.14070045948028564,
        "LShoulder": 0.3239878714084625,
        "LWrist": 0.162466898560524,
        "Nose": 0.09767612814903259,
        "RAnkle": 0.12275402247905731,
        "REar": 0.3831382095813751,
        "RElbow": 0.24172545969486237,
        "REye": 0.19887343049049377,
        "RHip": 0.026277491822838783,
        "RKnee": 0.18139292299747467,
        "RShoulder": 0.4435672163963318,
        "RWrist": 0.15181954205036163
    },
    "linear_jurk_normal": {
        "LAnkle": 0.15226556360721588,
        "LEar": 0.14483176171779633,
        "LElbow": 0.008046864531934261,
        "LEye": 0.1521899402141571,
        "LHip": 0.011785960756242275,
        "LKnee": 0.06472073495388031,
        "LShoulder": 0.18415431678295135,
        "LWrist": 0.02352127805352211,
        "Nose": 0.14449360966682434,
        "RAnkle": 0.08979810774326324,
        "REar": 0.24574075639247894,
        "RElbow": 0.19714264571666718,
        "REye": 0.14990249276161194,
        "RHip": 0.015270366333425045,
        "RKnee": 0.06260800361633301,
        "RShoulder": 0.25278550386428833,
        "RWrist": 0.25371983647346497
    },
    "linear_jurk_anormal": {
        "LAnkle": 0.16951444745063782,
        "LEar": 0.1902388632297516,
        "LElbow": 0.007770340424031019,
        "LEye": 0.21605508029460907,
        "LHip": 0.015141624957323074,
        "LKnee": 0.08285282552242279,
        "LShoulder": 0.2387821078300476,
        "LWrist": 0.039835475385189056,
        "Nose": 0.18857845664024353,
        "RAnkle": 0.09400956332683563,
        "REar": 0.28737011551856995,
        "RElbow": 0.26840776205062866,
        "REye": 0.19829992949962616,
        "RHip": 0.018417630344629288,
        "RKnee": 0.0642455443739891,
        "RShoulder": 0.38984426856040955,
        "RWrist": 0.28675273060798645
    },
    "angular_data_normal": {
        "top_right": 1.0779554843902588,
        "top_left": 1.0080653429031372,
        "bot_right": 2.031383514404297,
        "bot_left": 1.8025883436203003
    },
    "angular_data_anormal": {
        "top_right": 0.7190321087837219,
        "top_left": 0.8184468746185303,
        "bot_right": 0.9022927284240723,
        "bot_left": 1.5677639245986938
    },
    "angular_acceleration_normal": {
        "top_right": 0.03275721147656441,
        "top_left": 0.001236460288055241,
        "bot_right": 0.4541461169719696,
        "bot_left": 0.31205442547798157
    },
    "angular_acceleration_anormal": {
        "top_right": 0.033852871507406235,
        "top_left": 0.0006293334299698472,
        "bot_right": 0.29813849925994873,
        "bot_left": 0.23101161420345306
    },
    "angular_jurk_normal": {
        "top_right": 0.0705818310379982,