{"depth_normal": {"LShoulder-LElbow": 0.08747802674770355, "RShoulder-RElbow": 0.047043319791555405, "LElbow-LWrist": 0.12283137440681458, "RElbow-RWrist": 0.15493908524513245, "LHip-LKnee": 0.3813920021057129, "RHip-RKnee": 1.0315934419631958, "LKnee-LAnkle": 0.20532803237438202, "RKnee-RAnkle": 0.10678252577781677}, "depth_anormal": {"LShoulder-LElbow": 0.04980456829071045, "RShoulder-RElbow": 0.12358278036117554, "LElbow-LWrist": 0.2570244371891022, "RElbow-RWrist": 0.5978473424911499, "LHip-LKnee": 1.386526107788086, "RHip-RKnee": 1.9681628942489624, "LKnee-LAnkle": 0.24076548218727112, "RKnee-RAnkle": 0.20510023832321167}, "segments_len_normal": {"LShoulder-LElbow": 0.22730740904808044, "RShoulder-RElbow": 0.08350105583667755, "LElbow-LWrist": 0.17962247133255005, "RElbow-RWrist": 0.015222640708088875, "LHip-LKnee": 1.0184098482131958, "RHip-RKnee": 1.0449358224868774, "LKnee-LAnkle": 0.08242044597864151, "RKnee-RAnkle": 0.01713985949754715}, "segments_len_anormal": {"LShoulder-LElbow": 0.9398744702339172, "RShoulder-RElbow": 0.15152962505817413, "LElbow-LWrist": 0.2792252004146576, "RElbow-RWrist": 0.06663046032190323, "LHip-LKnee": 1.9849375486373901, "RHip-RKnee": 2.594334125518799, "LKnee-LAnkle": 0.31343215703964233, "RKnee-RAnkle": 0.06365840882062912}, "linear_data_normal": {"LShoulder_x": 0.0, "LShoulder_y": 0.03152234107255936, "RShoulder_x": 0.11605802178382874, "RShoulder_y": 0.0, "LElbow_x": 0.007400772534310818, "LElbow_y": 0.11901922523975372, "RElbow_x": 0.1734757125377655, "RElbow_y": 0.15655730664730072, "LWrist_x": 0.12275932729244232, "LWrist_y": 0.10988859832286835, "RWrist_x": 0.0, "RWrist_y": 0.0, "LHip_x": 0.0, "LHip_y": 0.0, "RHip_x": 0.0, "RHip_y": 0.051307983696460724, "LKnee_x": 0.0, "LKnee_y": 0.26414260268211365, "RKnee_x": 0.1619555801153183, "RKnee_y": 0.0, "LAnkle_x": 0.0981835350394249, "LAnkle_y": 1.2637009620666504, "RAnkle_x": 0.08964943885803223, "RAnkle_y": 0.04588628187775612}, "linear_data_anormal": {"LShoulder_x": 0.0, "LShoulder_y": 0.03463910147547722, "RShoulder_x": 0.259370356798172, "RShoulder_y": 0.0, "LElbow_x": 0.004619508050382137, "LElbow_y": 0.22582247853279114, "RElbow_x": 0.21427437663078308, "RElbow_y": 0.36669719219207764, "LWrist_x": 0.18653081357479095, "LWrist_y": 0.31614184379577637, "RWrist_x": 0.0, "RWrist_y": 0.0, "LHip_x": 0.0, "LHip_y": 0.0, "RHip_x": 0.0, "RHip_y": 0.16043005883693695, "LKnee_x": 0.0, "LKnee_y": 0.43590885400772095, "RKnee_x": 0.19624094665050507, "RKnee_y": 0.0, "LAnkle_x": 0.675561785697937, "LAnkle_y": 1.620544195175171, "RAnkle_x": 0.14561966061592102, "RAnkle_y": 0.09731800109148026}, "linear_velocity_normal": {"LAnkle": 0.438472181558609, "LElbow": 0.14842204749584198, "LHip": 0.014518650248646736, "LKnee": 0.02010592259466648, "LShoulder": 0.2615303099155426, "LWrist": 0.2220815122127533, "RAnkle": 0.08528534322977066, "RElbow": 0.09683310240507126, "RHip": 0.09787396341562271, "RKnee": 0.4108489155769348, "RShoulder": 0.9399166107177734, "RWrist": 0.0033022863790392876}, "linear_velocity_anormal": {"LAnkle": 0.6549155116081238, "LElbow": 0.23093414306640625, "LHip": 0.010972101241350174, "LKnee": 0.08645076304674149, "LShoulder": 0.34375759959220886, "LWrist": 0.22327592968940735, "RAnkle": 0.2940541207790375, "RElbow": 0.12325350195169449, "RHip": 0.24302847683429718, "RKnee": 0.8060028553009033, "RShoulder": 1.415840744972229, "RWrist": 0.013468451797962189}, "linear_acceleration_normal": {"LAnkle": 0.4073871374130249, "LElbow": 0.6469223499298096, "LHip": 0.1395275592803955, "LKnee": 0.15532349050045013, "LShoulder": 1.2727817296981812, "LWrist": 0.07498572766780853, "RAnkle": 0.1436210572719574, "RElbow": 0.20119832456111908, "RHip": 0.19623059034347534, "RKnee": 0.3758152723312378, "RShoulder": 1.1685036420822144, "RWrist": 0.04779242351651192}, "linear_acceleration_anormal": {"LAnkle": 0.9057801365852356, "LElbow": 0.6877890825271606, "LHip": 0.33941787481307983, "LKnee": 0.32386499643325806, "LShoulder": 1.530853271484375, "LWrist": 0.06047258898615837, "RAnkle": 0.40434449911117554, "RElbow": 0.2697538435459137, "RHip": 0.3114769458770752, "RKnee": 0.6393433809280396, "RShoulder": 2.2035162448883057, "RWrist": 0.13050585985183716}, "linear_jurk_normal": {"LAnkle": 0.12289835512638092, "LElbow": 0.20731352269649506, "LHip": 0.10990048944950104, "LKnee": 0.31910255551338196, "LShoulder": 1.0862823724746704, "LWrist": 0.08149150013923645, "RAnkle": 0.3516342043876648, "RElbow": 0.3299999237060547, "RHip": 0.22770991921424866, "RKnee": 0.4175606369972229, "RShoulder": 0.9739857316017151, "RWrist": 0.3395366668701172}, "linear_jurk_anormal": {"LAnkle": 0.22698895633220673, "LElbow": 0.22189916670322418, "LHip": 0.2908876836299896, "LKnee": 0.25012966990470886, "LShoulder": 1.0246661901474, "LWrist": 0.0772351622581482, "RAnkle": 0.5693093538284302, "RElbow": 0.24316926300525665, "RHip": 0.2938568592071533, "RKnee": 0.5650675296783447, "RShoulder": 1.504670262336731, "RWrist": 0.8482090830802917}, "angular_data_normal": {"top_right": 0.3545522093772888, "top_left": 0.08549653738737106, "bot_right": 0.09808988124132156, "bot_left": 1.155754804611206}, "angular_data_anormal": {"top_right": 0.21983636915683746, "top_left": 0.11227165907621384, "bot_right": 0.26253873109817505, "bot_left": 1.3198896646499634}, "angular_velocity_normal": {"top_right": 0.3335757851600647, "top_left": 0.2060784101486206, "bot_right": 0.15403494238853455, "bot_left": 0.5387921333312988}, "angular_velocity_anormal": {"top_right": 0.34918662905693054, "top_left": 0.16869862377643585, "bot_right": 0.14356529712677002, "bot_left": 0.7107714414596558}, "angular_acceleration_normal": {"top_right": 0.05962023138999939, "top_left": 0.10620744526386261, "bot_right": 0.5234044790267944, "bot_left": 0.55180823802948}, "angular_acceleration_anormal": {"top_right": 0.04519416391849518, "top_left": 0.12230272591114044, "bot_right": 0.37892699241638184, "bot_left": 0.4581354558467865}, "angular_jurk_normal": {"top_right": 0.27196112275123596, "top_left": 0.27862998843193054, "bot_right": 0.6879857778549194, "bot_left": 0.36228346824645996}, "angular_jurk_anormal": {"top_right": 0.31100624799728394, "top_left": 0.433450847864151, "bot_right": 0.4560149013996124, "bot_left": 0.3936329782009125}}